repository,pr,ga,v_old,v_new,update_type
OpenFeign/querydsl,371,com.microsoft.sqlserver:mssql-jdbc,12.6.1.jre8,12.7.0.jre8-preview,minor
OpenFeign/querydsl,370,io.asyncer:r2dbc-mysql,1.1.2,1.1.3,patch
OpenFeign/querydsl,368,org.apache.maven.plugins:maven-source-plugin,3.3.0,3.3.1,patch
OpenFeign/querydsl,366,io.github.classgraph:classgraph,4.8.168,4.8.170,patch
OpenFeign/querydsl,363,org.jacoco:jacoco-maven-plugin,0.8.11,0.8.12,patch
OpenFeign/querydsl,361,net.bytebuddy:byte-buddy,1.14.12,1.14.13,patch
OpenFeign/querydsl,358,org.apache.maven.plugins:maven-gpg-plugin,3.2.1,3.2.2,patch
OpenFeign/querydsl,349,org.apache.maven.plugins:maven-compiler-plugin,3.12.1,3.13.0,minor
OpenFeign/querydsl,348,org.apache.maven.plugins:maven-gpg-plugin,3.2.0,3.2.1,patch
OpenFeign/querydsl,347,org.apache.maven.plugins:maven-assembly-plugin,3.7.0,3.7.1,patch
OpenFeign/querydsl,345,io.smallrye:jandex,3.1.6,3.1.7,patch
OpenFeign/querydsl,344,org.postgresql:postgresql,42.7.2,42.7.3,patch
OpenFeign/querydsl,341,com.google.guava:guava,33.0.0-jre,33.1.0-jre,minor
OpenFeign/querydsl,339,org.xerial:sqlite-jdbc,3.45.1.0,3.45.2.0,patch
OpenFeign/querydsl,336,org.apache.maven.plugins:maven-gpg-plugin,3.1.0,3.2.0,minor
OpenFeign/querydsl,335,org.apache.maven.plugins:maven-assembly-plugin,3.6.0,3.7.0,minor
OpenFeign/querydsl,334,org.firebirdsql.jdbc:jaybird,5.0.3.java11,5.0.4.java11,patch
OpenFeign/querydsl,333,org.apache.logging.log4j:log4j-core,2.23.0,2.23.1,patch
OpenFeign/querydsl,332,com.github.ekryd.sortpom:sortpom-maven-plugin,3.4.0,3.4.1,patch
OpenFeign/querydsl,330,io.github.classgraph:classgraph,4.8.165,4.8.168,patch
OpenFeign/querydsl,327,com.github.siom79.japicmp:japicmp-maven-plugin,0.19.1,0.20.0,minor
OpenFeign/querydsl,325,org.jetbrains.dokka:dokka-maven-plugin,1.9.10,1.9.20,patch
OpenFeign/querydsl,324,com.github.siom79.japicmp:japicmp-maven-plugin,0.18.5,0.19.1,minor
OpenFeign/querydsl,321,io.asyncer:r2dbc-mysql,1.1.1,1.1.2,patch
OpenFeign/querydsl,316,org.apache.logging.log4j:log4j-core,2.22.1,2.23.0,minor
OpenFeign/querydsl,312,com.microsoft.sqlserver:mssql-jdbc,12.6.0.jre8,12.6.1.jre8,patch
OpenFeign/querydsl,311,com.github.ekryd.sortpom:sortpom-maven-plugin,3.3.0,3.4.0,minor
OpenFeign/querydsl,310,org.postgresql:postgresql,42.7.1,42.7.2,patch
OpenFeign/querydsl,308,net.bytebuddy:byte-buddy,1.14.11,1.14.12,patch
OpenFeign/querydsl,303,com.github.siom79.japicmp:japicmp-maven-plugin,0.18.3,0.18.4,patch
OpenFeign/querydsl,288,joda-time:joda-time,2.12.6,2.12.7,patch
OpenFeign/querydsl,283,org.assertj:assertj-core,3.25.2,3.25.3,patch
OpenFeign/querydsl,280,com.microsoft.sqlserver:mssql-jdbc,12.5.0.jre8-preview,12.6.0.jre8,minor
OpenFeign/querydsl,278,org.xerial:sqlite-jdbc,3.45.0.0,3.45.1.0,patch
OpenFeign/querydsl,270,org.assertj:assertj-core,3.25.1,3.25.2,patch
OpenFeign/querydsl,258,com.squareup:kotlinpoet-jvm,1.15.3,1.16.0,minor
OpenFeign/querydsl,254,org.apache.maven.plugins:maven-surefire-plugin,3.2.3,3.2.5,patch
OpenFeign/querydsl,252,org.apache.maven.plugins:maven-plugin-plugin,3.10.2,3.11.0,minor
OpenFeign/querydsl,242,org.orbisgis:h2gis,2.2.0,2.2.1,patch
OpenFeign/querydsl,241,joda-time:joda-time,2.12.5,2.12.6,patch
OpenFeign/querydsl,240,com.fasterxml:classmate,1.6.0,1.7.0,minor
OpenFeign/querydsl,233,org.assertj:assertj-core,3.25.0,3.25.1,patch
OpenFeign/querydsl,232,org.assertj:assertj-core,3.24.2,3.25.0,minor
OpenFeign/querydsl,230,org.apache.logging.log4j:log4j-core,2.22.0,2.22.1,patch
OpenFeign/querydsl,229,org.eclipse.persistence:eclipselink,2.7.13,2.7.14,patch
OpenFeign/querydsl,221,org.javassist:javassist,3.30.1-GA,3.30.2-GA,patch
OpenFeign/querydsl,218,org.apache.maven.plugins:maven-compiler-plugin,3.11.0,3.12.1,minor
OpenFeign/querydsl,217,net.alchim31.maven:scala-maven-plugin,3.1.3,3.4.6,minor
OpenFeign/querydsl,216,net.bytebuddy:byte-buddy,1.14.10,1.14.11,patch
OpenFeign/querydsl,213,org.codehaus.plexus:plexus-component-annotations,2.1.1,2.2.0,minor
OpenFeign/querydsl,212,org.codehaus.plexus:plexus-classworlds,2.7.0,2.8.0,minor
OpenFeign/querydsl,203,io.github.classgraph:classgraph,4.8.164,4.8.165,patch
OpenFeign/querydsl,202,com.google.guava:guava,32.1.3-jre,33.0.0-jre,major
OpenFeign/querydsl,200,org.xerial:sqlite-jdbc,3.43.2.2,3.44.1.0,minor
OpenFeign/querydsl,197,org.apache.maven.plugins:maven-surefire-plugin,3.2.2,3.2.3,patch
OpenFeign/querydsl,196,io.sundr:sundr-maven-plugin,0.101.3,0.103.1,minor
OpenFeign/querydsl,193,org.jetbrains:annotations,24.0.1,24.1.0,minor
OpenFeign/querydsl,191,org.apache.maven.plugins:maven-javadoc-plugin,3.6.2,3.6.3,patch
OpenFeign/querydsl,186,org.apache.logging.log4j:log4j-core,2.21.1,2.22.0,minor
OpenFeign/querydsl,185,org.javassist:javassist,3.29.2-GA,3.30.1-GA,minor
OpenFeign/querydsl,184,com.ibm.db2:jcc,11.5.8.0,11.5.9.0,patch
OpenFeign/querydsl,180,org.postgresql:postgresql,42.6.0,42.7.1,minor
OpenFeign/querydsl,152,org.postgresql:postgresql,42.7.0,42.7.1,patch
OpenFeign/querydsl,145,jakarta.activation:jakarta.activation-api,2.1.1,2.1.2,patch
OpenFeign/querydsl,144,io.smallrye:jandex,3.1.2,3.1.6,patch
OpenFeign/querydsl,143,com.squareup:kotlinpoet-jvm,1.15.2,1.15.3,patch
OpenFeign/querydsl,136,com.squareup:kotlinpoet-jvm,1.15.1,1.15.2,patch
OpenFeign/querydsl,134,io.sundr:sundr-maven-plugin,0.103.0,0.103.1,patch
OpenFeign/querydsl,131,org.firebirdsql.jdbc:jaybird,5.0.2.java8,5.0.3.java8,patch
OpenFeign/querydsl,130,io.sundr:sundr-maven-plugin,0.101.3,0.103.0,minor
OpenFeign/querydsl,129,org.xerial:sqlite-jdbc,3.44.0.0,3.44.1.0,patch
OpenFeign/querydsl,125,org.codehaus.plexus:plexus-component-annotations,1.7.1,2.1.1,major
OpenFeign/querydsl,121,org.postgresql:postgresql,42.6.0,42.7.0,minor
OpenFeign/querydsl,112,com.microsoft.sqlserver:mssql-jdbc,12.4.2.jre8,12.5.0.jre8-preview,minor
OpenFeign/querydsl,107,org.xerial:sqlite-jdbc,3.43.2.2,3.44.0.0,minor
OpenFeign/querydsl,106,org.firebirdsql.jdbc:jaybird,4.0.6.java8,5.0.2.java8,major
OpenFeign/querydsl,105,com.microsoft.sqlserver:mssql-jdbc,11.2.1.jre8,12.4.2.jre8,major
OpenFeign/querydsl,102,org.postgresql:postgresql,42.3.4,42.6.0,minor
OpenFeign/querydsl,98,com.oracle.database.jdbc:ojdbc8,21.7.0.0,23.3.0.23.09,major
OpenFeign/querydsl,93,org.postgresql:postgresql,42.2.22,42.6.0,minor
OpenFeign/querydsl,92,io.sundr:sundr-maven-plugin,0.101.0,0.101.3,patch
OpenFeign/querydsl,90,org.geolatte:geolatte-geom,1.8.2,1.9.1,minor
OpenFeign/querydsl,81,org.hsqldb:hsqldb,2.6.0,2.7.2,minor
OpenFeign/querydsl,80,io.github.classgraph:classgraph,4.8.108,4.8.164,patch
OpenFeign/querydsl,75,com.fasterxml:classmate,1.5.1,1.6.0,minor
OpenFeign/querydsl,73,org.apache.maven.plugins:maven-javadoc-plugin,3.6.0,3.6.2,patch
OpenFeign/querydsl,72,org.joda:joda-money,1.0.1,1.0.4,patch
OpenFeign/querydsl,71,joda-time:joda-time,2.10.10,2.12.5,minor
OpenFeign/querydsl,70,org.orbisgis:h2gis,2.0.0,2.2.0,minor
OpenFeign/querydsl,68,org.hibernate:hibernate-search-orm,5.11.9.Final,5.11.12.Final,patch
OpenFeign/querydsl,67,org.apache.maven.plugins:maven-surefire-plugin,3.2.1,3.2.2,patch
OpenFeign/querydsl,65,org.projectlombok:lombok,1.18.20,1.18.30,patch
OpenFeign/querydsl,64,org.apache.maven.plugins:maven-plugin-plugin,3.6.1,3.10.2,minor
OpenFeign/querydsl,63,com.squareup:kotlinpoet,1.9.0,1.14.2,minor
OpenFeign/querydsl,59,com.ibm.db2:jcc,11.5.5.0,11.5.8.0,patch
OpenFeign/querydsl,58,org.apache.maven.plugins:maven-deploy-plugin,2.8.2,3.1.1,major
OpenFeign/querydsl,56,org.mongodb:mongo-java-driver,3.12.8,3.12.14,patch
OpenFeign/querydsl,51,mysql:mysql-connector-java,8.0.25,8.0.30,patch
OpenFeign/querydsl,50,org.codehaus.mojo:animal-sniffer-annotations,1.20,1.23,minor
OpenFeign/querydsl,42,org.apache.ant:ant,1.10.11,1.10.14,patch
OpenFeign/querydsl,41,org.codehaus.plexus:plexus-utils,3.3.0,4.0.0,major
OpenFeign/querydsl,40,org.apache.maven.plugins:maven-pmd-plugin,3.21.0,3.21.2,patch
OpenFeign/querydsl,37,com.mysema.maven:apt-maven-plugin,1.0.9,1.1.3,minor
OpenFeign/querydsl,36,org.jboss.logging:jboss-logging,3.4.2.Final,3.5.3.Final,minor
OpenFeign/querydsl,35,org.ow2.asm:asm-commons,9.2,9.6,minor
OpenFeign/querydsl,32,org.datanucleus:datanucleus-maven-plugin,5.2.1,6.0.0-release,major
OpenFeign/querydsl,29,org.easymock:easymock,4.3,5.2.0,major
OpenFeign/querydsl,27,org.apache.maven.plugins:maven-compiler-plugin,3.8.1,3.11.0,minor
OpenFeign/querydsl,28,org.apache.felix:maven-bundle-plugin,5.1.2,5.1.9,patch
OpenFeign/querydsl,20,org.javassist:javassist,3.28.0-GA,3.29.2-GA,minor
OpenFeign/querydsl,23,org.apache.maven.plugins:maven-assembly-plugin,3.3.0,3.6.0,minor
OpenFeign/querydsl,19,org.jetbrains:annotations,21.0.1,24.0.1,major
OpenFeign/querydsl,17,org.apache.maven.plugins:maven-source-plugin,3.2.1,3.3.0,minor
OpenFeign/querydsl,15,org.apache.maven.plugins:maven-pmd-plugin,3.14.0,3.21.0,minor
OpenFeign/querydsl,14,org.apache.maven.plugins:maven-checkstyle-plugin,3.1.2,3.3.1,minor
OpenFeign/querydsl,12,com.google.guava:guava,30.1.1-jre,32.0.0-jre,major
OpenFeign/querydsl,10,org.datanucleus:javax.jdo,3.2.0-m13,3.2.1,patch
OpenFeign/querydsl,8,org.ow2.asm:asm,9.2,9.6,minor
OpenFeign/querydsl,7,org.apache.maven.plugins:maven-javadoc-plugin,3.3.0,3.6.0,minor
OpenFeign/querydsl,3,org.apache.ant:ant,1.10.10,1.10.11,patch
meteorOSS/wechat-bc,11,com.alibaba:fastjson,2.0.31,2.0.46,patch
meteorOSS/wechat-bc,7,org.yaml:snakeyaml,1.28,2.2,major
usdAG/FlowMate,26,org.neo4j:neo4j-ogm-bolt-driver,4.0.8,4.0.9,patch
usdAG/FlowMate,25,org.neo4j:neo4j-ogm-core,4.0.8,4.0.9,patch
usdAG/FlowMate,23,net.portswigger.burp.extensions:montoya-api,2023.3,2023.12.1,minor
usdAG/FlowMate,22,org.commonmark:commonmark,0.20.0,0.21.0,minor
usdAG/FlowMate,19,org.apache.maven.plugins:maven-assembly-plugin,3.2.0,3.6.0,minor
usdAG/FlowMate,18,org.jsoup:jsoup,1.17.1,1.17.2,patch
usdAG/FlowMate,17,org.neo4j:neo4j-bolt,5.13.0,5.15.0,minor
usdAG/FlowMate,16,org.apache.commons:commons-lang3,3.10,3.14.0,minor
usdAG/FlowMate,15,com.opencsv:opencsv,5.2,5.9,minor
usdAG/FlowMate,14,org.neo4j:neo4j,5.13.0,5.15.0,minor
usdAG/FlowMate,13,org.neo4j:neo4j-native,5.13.0,5.15.0,minor
usdAG/FlowMate,12,org.jsoup:jsoup,1.15.3,1.17.1,minor
usdAG/FlowMate,11,com.github.wnameless.json:json-flattener,0.16.4,0.16.6,patch
usdAG/FlowMate,9,org.apache.commons:commons-text,1.10.0,1.11.0,minor
usdAG/FlowMate,4,org.projectlombok:lombok,1.18.26,1.18.30,patch
quarkiverse/quarkus-langchain4j,454,io.quarkiverse.wiremock:quarkus-wiremock-test,1.3.0,1.3.1,patch
quarkiverse/quarkus-langchain4j,433,org.wiremock:wiremock-standalone,3.4.2,3.5.2,minor
quarkiverse/quarkus-langchain4j,324,org.wiremock:wiremock-standalone,3.4.1,3.4.2,patch
quarkiverse/quarkus-langchain4j,314,org.wiremock:wiremock-standalone,3.3.1,3.4.1,minor
quarkiverse/quarkus-langchain4j,203,org.assertj:assertj-core,3.24.2,3.25.1,minor
quarkiverse/quarkus-langchain4j,190,org.apache.maven.plugins:maven-compiler-plugin,3.12.0,3.12.1,patch
quarkiverse/quarkus-langchain4j,167,org.apache.maven.plugins:maven-compiler-plugin,3.11.0,3.12.0,minor
quarkiverse/quarkus-langchain4j,114,com.pgvector:pgvector,0.1.3,0.1.4,patch
quarkiverse/quarkus-langchain4j,4,org.wiremock:wiremock-standalone,3.2.0,3.3.1,minor
Flmelody/windward,51,org.projectlombok:lombok,1.18.30,1.18.32,patch
Flmelody/windward,50,org.apache.groovy:groovy-templates,4.0.19,4.0.20,patch
Flmelody/windward,49,com.fasterxml.jackson.core:jackson-databind,2.16.2,2.17.0,minor
Flmelody/windward,47,com.fasterxml.jackson.core:jackson-databind,2.16.1,2.16.2,patch
Flmelody/windward,44,org.apache.groovy:groovy-templates,4.0.18,4.0.19,patch
Flmelody/windward,41,org.slf4j:slf4j-api,2.0.11,2.0.12,patch
Flmelody/windward,40,org.apache.groovy:groovy-templates,4.0.17,4.0.18,patch
Flmelody/windward,37,org.slf4j:slf4j-api,2.0.10,2.0.11,patch
Flmelody/windward,36,org.slf4j:slf4j-api,2.0.9,2.0.10,patch
Flmelody/windward,34,org.apache.maven.plugins:maven-surefire-plugin,2.22.2,3.2.3,major
Flmelody/windward,33,org.apache.groovy:groovy-templates,4.0.15,4.0.17,patch
Flmelody/windward,32,com.fasterxml.jackson.core:jackson-databind,2.16.0,2.16.1,patch
Flmelody/windward,26,org.apache.maven.plugins:maven-javadoc-plugin,3.2.0,3.6.3,minor
Flmelody/windward,25,com.fasterxml.jackson.core:jackson-databind,2.15.3,2.16.0,minor
Flmelody/windward,24,org.apache.groovy:groovy-templates,4.0.14,4.0.15,patch
Flmelody/windward,22,nz.net.ultraq.thymeleaf:thymeleaf-layout-dialect,3.2.1,3.3.0,minor
Flmelody/windward,20,org.apache.maven.plugins:maven-checkstyle-plugin,3.3.0,3.3.1,patch
Flmelody/windward,19,org.projectlombok:lombok,1.18.28,1.18.30,patch
Flmelody/windward,18,org.slf4j:slf4j-api,2.0.7,2.0.9,patch
Flmelody/windward,16,org.apache.maven.plugins:maven-gpg-plugin,1.5,3.1.0,major
Flmelody/windward,14,org.sonatype.plugins:nexus-staging-maven-plugin,1.6.8,1.6.13,patch
Flmelody/windward,13,com.fasterxml.jackson.core:jackson-databind,2.15.2,2.15.3,patch
michelin/kstreamplify,192,commons-io:commons-io,2.16.0,2.16.1,patch
michelin/kstreamplify,190,commons-io:commons-io,2.15.1,2.16.0,minor
michelin/kstreamplify,189,com.puppycrawl.tools:checkstyle,10.14.2,10.15.0,minor
michelin/kstreamplify,182,com.puppycrawl.tools:checkstyle,10.14.1,10.14.2,patch
michelin/kstreamplify,180,com.puppycrawl.tools:checkstyle,10.14.0,10.14.1,patch
michelin/kstreamplify,176,com.puppycrawl.tools:checkstyle,10.13.0,10.14.0,minor
michelin/kstreamplify,170,com.puppycrawl.tools:checkstyle,10.12.7,10.13.0,minor
michelin/kstreamplify,154,com.puppycrawl.tools:checkstyle,10.12.6,10.12.7,patch
michelin/kstreamplify,147,com.puppycrawl.tools:checkstyle,10.12.5,10.12.6,patch
michelin/kstreamplify,145,commons-io:commons-io,2.15.0,2.15.1,patch
michelin/kstreamplify,138,org.apache.commons:commons-lang3,3.13.0,3.14.0,minor
michelin/kstreamplify,132,com.puppycrawl.tools:checkstyle,10.12.4,10.12.5,patch
michelin/kstreamplify,117,commons-io:commons-io,2.14.0,2.15.0,minor
michelin/kstreamplify,116,org.apache.maven.plugins:maven-surefire-plugin,3.1.2,3.2.1,minor
michelin/kstreamplify,113,org.jacoco:jacoco-maven-plugin,0.8.10,0.8.11,patch
michelin/kstreamplify,109,commons-io:commons-io,2.13.0,2.14.0,minor
michelin/kstreamplify,108,com.puppycrawl.tools:checkstyle,10.12.3,10.12.4,patch
michelin/kstreamplify,101,org.apache.avro:avro-maven-plugin,1.11.2,1.11.3,patch
michelin/kstreamplify,96,org.apache.maven.plugins:maven-javadoc-plugin,3.5.0,3.6.0,minor
michelin/kstreamplify,70,org.apache.commons:commons-lang3,3.12.0,3.13.0,minor
conduktor/conduktor-poc-kafka-protocol,95,org.apache.kafka:kafka-clients,3.4.0,3.6.0,minor
conduktor/conduktor-poc-kafka-protocol,92,org.hibernate.validator:hibernate-validator,8.0.0.Final,8.0.1.Final,patch
TFyre/bambu-farm,54,io.smallrye:jandex-maven-plugin,3.1.6,3.1.7,patch
TFyre/bambu-farm,49,com.sun.xml.bind:jaxb-xjc,4.0.4,4.0.5,patch
TFyre/bambu-farm,22,com.sun.xml.bind:jaxb-xjc,4.0.2,4.0.4,patch
awslabs/eventbridge-kafka-connector,270,commons-logging:commons-logging,1.3.0,1.3.1,patch
awslabs/eventbridge-kafka-connector,269,io.github.git-commit-id:git-commit-id-maven-plugin,8.0.1,8.0.2,patch
awslabs/eventbridge-kafka-connector,266,org.awaitility:awaitility,4.2.0,4.2.1,patch
awslabs/eventbridge-kafka-connector,262,org.testcontainers:junit-jupiter,1.19.6,1.19.7,patch
awslabs/eventbridge-kafka-connector,261,ch.qos.logback:logback-classic,1.5.2,1.5.3,patch
awslabs/eventbridge-kafka-connector,259,com.spotify.fmt:fmt-maven-plugin,2.22.1,2.23,minor
awslabs/eventbridge-kafka-connector,258,io.github.git-commit-id:git-commit-id-maven-plugin,7.0.0,8.0.1,major
awslabs/eventbridge-kafka-connector,256,org.testcontainers:testcontainers,1.19.6,1.19.7,patch
awslabs/eventbridge-kafka-connector,252,ch.qos.logback:logback-classic,1.5.0,1.5.2,patch
awslabs/eventbridge-kafka-connector,248,org.apache.maven.plugins:maven-shade-plugin,3.5.1,3.5.2,patch
awslabs/eventbridge-kafka-connector,247,org.testcontainers:testcontainers,1.19.5,1.19.6,patch
awslabs/eventbridge-kafka-connector,245,org.testcontainers:junit-jupiter,1.19.5,1.19.6,patch
awslabs/eventbridge-kafka-connector,244,ch.qos.logback:logback-classic,1.4.14,1.5.0,minor
awslabs/eventbridge-kafka-connector,240,commons-codec:commons-codec,1.16.0,1.16.1,patch
awslabs/eventbridge-kafka-connector,239,org.testcontainers:junit-jupiter,1.19.4,1.19.5,patch
awslabs/eventbridge-kafka-connector,236,org.testcontainers:testcontainers,1.19.4,1.19.5,patch
awslabs/eventbridge-kafka-connector,225,org.testcontainers:junit-jupiter,1.19.3,1.19.4,patch
awslabs/eventbridge-kafka-connector,224,org.testcontainers:testcontainers,1.19.3,1.19.4,patch
awslabs/eventbridge-kafka-connector,219,com.spotify.fmt:fmt-maven-plugin,2.22,2.22.1,patch
awslabs/eventbridge-kafka-connector,212,com.spotify.fmt:fmt-maven-plugin,2.21.1,2.22,minor
awslabs/eventbridge-kafka-connector,210,org.apache.maven.plugins:maven-failsafe-plugin,3.2.3,3.2.5,patch
awslabs/eventbridge-kafka-connector,188,org.apache.maven.plugins:maven-failsafe-plugin,3.2.2,3.2.3,patch
awslabs/eventbridge-kafka-connector,181,commons-logging:commons-logging,1.2,1.3.0,minor
awslabs/eventbridge-kafka-connector,180,ch.qos.logback:logback-classic,1.4.12,1.4.14,patch
awslabs/eventbridge-kafka-connector,178,ch.qos.logback:logback-classic,1.4.11,1.4.12,patch
awslabs/eventbridge-kafka-connector,175,org.testcontainers:testcontainers,1.19.2,1.19.3,patch
awslabs/eventbridge-kafka-connector,174,org.testcontainers:junit-jupiter,1.18.3,1.19.3,minor
awslabs/eventbridge-kafka-connector,169,org.testcontainers:testcontainers,1.19.1,1.19.2,patch
awslabs/eventbridge-kafka-connector,166,org.apache.maven.plugins:maven-failsafe-plugin,3.2.1,3.2.2,patch
awslabs/eventbridge-kafka-connector,158,org.apache.maven.plugins:maven-failsafe-plugin,3.1.2,3.2.1,minor
awslabs/eventbridge-kafka-connector,148,org.testcontainers:testcontainers,1.19.0,1.19.1,patch
awslabs/eventbridge-kafka-connector,141,com.mycila:license-maven-plugin,4.2,4.3,minor
awslabs/eventbridge-kafka-connector,137,org.apache.maven.plugins:maven-shade-plugin,3.5.0,3.5.1,patch
awslabs/eventbridge-kafka-connector,136,com.spotify.fmt:fmt-maven-plugin,2.20,2.21.1,minor
awslabs/eventbridge-kafka-connector,116,org.testcontainers:testcontainers,1.18.3,1.19.0,minor
awslabs/eventbridge-kafka-connector,104,ch.qos.logback:logback-classic,1.4.8,1.4.11,patch
awslabs/eventbridge-kafka-connector,103,com.google.guava:guava,32.1.1-jre,32.1.2-jre,patch
IBM/JTOpen,142,org.codehaus.mojo:build-helper-maven-plugin,3.4.0,3.5.0,minor
IBM/JTOpen,140,org.apache.maven.plugins:maven-compiler-plugin,3.10.0,3.11.0,minor
IBM/JTOpen,139,org.codehaus.mojo:build-helper-maven-plugin,3.2.0,3.4.0,minor
Jojoooo1/spring-boot-api,116,io.hypersistence:hypersistence-utils-hibernate-63,3.7.1,3.7.2,patch
Jojoooo1/spring-boot-api,114,com.slack.api:slack-api-client,1.38.0,1.38.1,patch
Jojoooo1/spring-boot-api,108,io.hypersistence:hypersistence-utils-hibernate-62,3.7.0,3.7.1,patch
Jojoooo1/spring-boot-api,99,com.slack.api:slack-api-client,1.36.1,1.37.0,minor
Jojoooo1/spring-boot-api,94,net.ttddyy.observation:datasource-micrometer-spring-boot,1.0.2,1.0.3,patch
Jojoooo1/spring-boot-api,92,io.hypersistence:hypersistence-utils-hibernate-62,3.6.1,3.7.0,minor
Jojoooo1/spring-boot-api,65,com.slack.api:slack-api-client,1.35.1,1.36.0,minor
Jojoooo1/spring-boot-api,62,com.slack.api:slack-api-client,1.35.0,1.35.1,patch
Jojoooo1/spring-boot-api,61,io.hypersistence:hypersistence-utils-hibernate-62,3.6.0,3.6.1,patch
Jojoooo1/spring-boot-api,55,com.slack.api:slack-api-client,1.34.0,1.35.0,minor
Jojoooo1/spring-boot-api,52,io.hypersistence:hypersistence-utils-hibernate-62,3.5.3,3.6.0,minor
Jojoooo1/spring-boot-api,50,io.opentelemetry:opentelemetry-exporter-otlp,1.30.1,1.31.0,minor
Jojoooo1/spring-boot-api,49,com.slack.api:slack-api-client,1.33.0,1.34.0,minor
Jojoooo1/spring-boot-api,47,com.slack.api:slack-api-client,1.32.2,1.33.0,minor
Jojoooo1/spring-boot-api,45,com.slack.api:slack-api-client,1.32.1,1.32.2,patch
Jojoooo1/spring-boot-api,38,org.hibernate.orm:hibernate-micrometer,6.3.0.Final,6.3.1.Final,patch
Swofty-Developments/HypixelSkyBlock,155,net.bytebuddy:byte-buddy-agent,1.14.12,1.14.13,patch
Swofty-Developments/HypixelSkyBlock,132,com.fasterxml.jackson.core:jackson-annotations,2.16.2,2.17.0,minor
Swofty-Developments/HypixelSkyBlock,130,com.fasterxml.jackson.core:jackson-core,2.16.2,2.17.0,minor
Swofty-Developments/HypixelSkyBlock,110,com.fasterxml.jackson.core:jackson-core,2.16.1,2.16.2,patch
Swofty-Developments/HypixelSkyBlock,109,com.fasterxml.jackson.core:jackson-annotations,2.16.1,2.16.2,patch
Swofty-Developments/HypixelSkyBlock,87,org.json:json,20240205,20240303,major
Swofty-Developments/HypixelSkyBlock,73,junit:junit,4.13.1,4.13.2,patch
Swofty-Developments/HypixelSkyBlock,72,net.bytebuddy:byte-buddy-agent,1.14.11,1.14.12,patch
Swofty-Developments/HypixelSkyBlock,66,org.json:json,20231013,20240205,major
Swofty-Developments/HypixelSkyBlock,60,org.tinylog:tinylog-api,2.6.2,2.7.0,minor
Swofty-Developments/HypixelSkyBlock,59,org.tinylog:slf4j-tinylog,2.6.2,2.7.0,minor
Swofty-Developments/HypixelSkyBlock,56,org.tinylog:tinylog-impl,2.6.2,2.7.0,minor
Swofty-Developments/HypixelSkyBlock,48,io.netty:netty-all,4.1.65.Final,4.1.104.Final,patch
Swofty-Developments/HypixelSkyBlock,44,org.apache.maven.shared:maven-invoker,2.2,3.2.0,major
Swofty-Developments/HypixelSkyBlock,43,org.apache.maven.plugins:maven-release-plugin,2.5.2,3.0.1,major
Swofty-Developments/HypixelSkyBlock,31,com.fasterxml.jackson.core:jackson-annotations,2.16.0,2.16.1,patch
Swofty-Developments/HypixelSkyBlock,29,com.fasterxml.jackson.core:jackson-core,2.16.0,2.16.1,patch
OpenFeign/querydsl,427,net.bytebuddy:byte-buddy,1.14.14,1.14.15,patch
OpenFeign/querydsl,426,io.smallrye:jandex,3.1.7,3.1.8,patch
OpenFeign/querydsl,423,org.jboss.logging:jboss-logging,3.5.3.Final,3.6.0.Final,minor
OpenFeign/querydsl,421,com.github.siom79.japicmp:japicmp-maven-plugin,0.21.1,0.21.2,patch
OpenFeign/querydsl,419,com.google.guava:guava,33.1.0-jre,33.2.0-jre,minor
OpenFeign/querydsl,414,org.apache.maven.plugins:maven-deploy-plugin,3.1.1,3.1.2,patch
OpenFeign/querydsl,412,io.sundr:sundr-maven-plugin,0.103.1,0.200.0,minor
OpenFeign/querydsl,407,com.github.siom79.japicmp:japicmp-maven-plugin,0.20.0,0.21.1,minor
OpenFeign/querydsl,404,net.alchim31.maven:scala-maven-plugin,4.8.1,4.9.0,minor
OpenFeign/querydsl,403,net.bytebuddy:byte-buddy,1.14.13,1.14.14,patch
OpenFeign/querydsl,399,org.apache.maven.plugins:maven-toolchains-plugin,3.1.0,3.2.0,minor
OpenFeign/querydsl,398,io.github.classgraph:classgraph,4.8.171,4.8.172,patch
OpenFeign/querydsl,397,org.apache.maven.plugins:maven-gpg-plugin,3.2.3,3.2.4,patch
OpenFeign/querydsl,392,io.github.classgraph:classgraph,4.8.170,4.8.171,patch
OpenFeign/querydsl,389,org.xerial:sqlite-jdbc,3.45.2.0,3.45.3.0,patch
OpenFeign/querydsl,386,org.codehaus.plexus:plexus-utils,4.0.0,4.0.1,patch
OpenFeign/querydsl,384,org.apache.maven.plugins:maven-scm-plugin,2.0.1,2.1.0,minor
OpenFeign/querydsl,381,org.apache.maven.plugins:maven-gpg-plugin,3.2.2,3.2.3,patch
OpenFeign/querydsl,379,org.postgresql:r2dbc-postgresql,1.0.4.RELEASE,1.0.5.RELEASE,patch
quarkiverse/quarkus-langchain4j,526,io.quarkiverse.wiremock:quarkus-wiremock-test,1.3.1,1.3.2,patch
quarkiverse/quarkus-langchain4j,490,org.wiremock:wiremock-standalone,3.5.3,3.5.4,patch
quarkiverse/quarkus-langchain4j,470,org.wiremock:wiremock-standalone,3.5.2,3.5.3,patch
Flmelody/windward,62,com.fasterxml.jackson.core:jackson-databind,2.17.0,2.17.1,patch
Flmelody/windward,59,org.slf4j:slf4j-api,2.0.12,2.0.13,patch
Flmelody/windward,58,org.apache.groovy:groovy-templates,4.0.20,4.0.21,patch
michelin/kstreamplify,201,com.puppycrawl.tools:checkstyle,10.15.0,10.16.0,minor
TFyre/bambu-farm,69,org.codehaus.mojo:jaxb2-maven-plugin,3.1.0,3.2.0,minor
awslabs/eventbridge-kafka-connector,292,commons-codec:commons-codec,1.16.1,1.17.0,minor
awslabs/eventbridge-kafka-connector,290,org.apache.maven.plugins:maven-shade-plugin,3.5.2,3.5.3,patch
awslabs/eventbridge-kafka-connector,283,ch.qos.logback:logback-classic,1.5.5,1.5.6,patch
awslabs/eventbridge-kafka-connector,280,ch.qos.logback:logback-classic,1.5.3,1.5.5,patch
Jojoooo1/spring-boot-api,151,io.hypersistence:hypersistence-utils-hibernate-63,3.7.4,3.7.5,patch
Jojoooo1/spring-boot-api,149,io.hypersistence:hypersistence-utils-hibernate-63,3.7.3,3.7.4,patch
Jojoooo1/spring-boot-api,147,io.pyroscope:agent,0.13.0,0.13.1,patch
Jojoooo1/spring-boot-api,146,io.opentelemetry:opentelemetry-api,1.36.0,1.37.0,minor
Swofty-Developments/HypixelSkyBlock,321,com.fasterxml.jackson.core:jackson-core,2.17.0,2.17.1,patch
Swofty-Developments/HypixelSkyBlock,320,com.fasterxml.jackson.core:jackson-annotations,2.17.0,2.17.1,patch
Swofty-Developments/HypixelSkyBlock,297,net.bytebuddy:byte-buddy-agent,1.14.13,1.14.14,patch
brenoepics/at4j,87,org.apache.maven.plugins:maven-gpg-plugin,3.1.0,3.2.4,minor
brenoepics/at4j,86,org.apache.maven.plugins:maven-jar-plugin,3.3.0,3.4.1,minor
brenoepics/at4j,77,org.apache.logging.log4j:log4j-api,2.23.0,2.23.1,patch
brenoepics/at4j,74,org.sonatype.central:central-publishing-maven-plugin,0.3.1,0.4.0,minor
brenoepics/at4j,73,org.mockito:mockito-core,5.10.0,5.11.0,minor
brenoepics/at4j,70,org.apache.logging.log4j:log4j-api,2.22.1,2.23.0,minor
brenoepics/at4j,69,org.sonatype.central:central-publishing-maven-plugin,0.3.0,0.3.1,patch
brenoepics/at4j,60,org.apache.maven.plugins:maven-surefire-plugin,3.1.2,3.2.5,minor
brenoepics/at4j,59,org.sonatype.central:central-publishing-maven-plugin,0.2.0,0.3.0,minor
brenoepics/at4j,58,org.mockito:mockito-core,5.9.0,5.10.0,minor
brenoepics/at4j,56,org.apache.maven.plugins:maven-surefire-plugin,2.22.2,3.2.5,major
brenoepics/at4j,55,org.sonatype.central:central-publishing-maven-plugin,0.1.2,0.2.0,minor
brenoepics/at4j,54,org.jacoco:jacoco-maven-plugin,0.8.7,0.8.11,patch
brenoepics/at4j,40,org.mockito:mockito-core,5.8.0,5.9.0,minor
brenoepics/at4j,39,org.apache.maven.plugins:maven-jar-plugin,3.1.0,3.3.0,minor
brenoepics/at4j,38,org.apache.maven.plugins:maven-resources-plugin,3.2.0,3.3.1,minor
brenoepics/at4j,9,org.apache.maven.plugins:maven-compiler-plugin,3.8.1,3.12.1,minor
brenoepics/at4j,8,org.mockito:mockito-junit-jupiter,5.2.0,5.8.0,minor
brenoepics/at4j,7,org.apache.logging.log4j:log4j-core,2.20.0,2.22.1,minor
brenoepics/at4j,6,org.apache.logging.log4j:log4j-api,2.20.0,2.22.1,minor
SpringBootCourses/cqrs-banking-app,65,org.liquibase:liquibase-core,4.25.1,4.27.0,minor
SpringBootCourses/cqrs-banking-app,63,org.springframework.kafka:spring-kafka,3.1.1,3.1.3,patch
SpringBootCourses/cqrs-banking-app,23,org.liquibase:liquibase-core,4.25.1,4.26.0,minor
SpringBootCourses/cqrs-banking-app,22,org.apache.maven.plugins:maven-checkstyle-plugin,3.2.2,3.3.1,minor
Sstudios-Dev/Betterpvp-2.0,7,org.apache.commons:commons-lang3,3.12.0,3.14.0,minor
Sstudios-Dev/Betterpvp-2.0,6,org.projectlombok:lombok,1.18.24,1.18.30,patch
Sstudios-Dev/Betterpvp-2.0,5,commons-io:commons-io,2.11.0,2.15.1,minor
Sstudios-Dev/Betterpvp-2.0,2,org.apache.maven.plugins:maven-shade-plugin,3.2.4,3.5.1,minor
manusa/helm-java,82,org.apache.maven.plugins:maven-source-plugin,3.2.1,3.3.1,minor
manusa/helm-java,74,org.testcontainers:k3s,1.19.6,1.19.7,patch
manusa/helm-java,68,org.testcontainers:k3s,1.19.5,1.19.6,patch
manusa/helm-java,48,org.testcontainers:k3s,1.19.4,1.19.5,patch
manusa/helm-java,26,org.testcontainers:k3s,1.19.3,1.19.4,patch
manusa/helm-java,12,org.apache.maven.plugins:maven-surefire-plugin,3.2.2,3.2.5,patch
britka/playwrightium,46,org.testng:testng,7.10.1,7.10.2,patch
britka/playwrightium,45,com.codeborne:selenide-testng,7.2.3,7.3.1,minor
britka/playwrightium,43,org.apache.commons:commons-text,1.11.0,1.12.0,minor
britka/playwrightium,41,org.testng:testng,7.10.0,7.10.1,patch
britka/playwrightium,38,com.microsoft.playwright:playwright,1.42.0,1.43.0,minor
britka/playwrightium,36,org.slf4j:slf4j-simple,2.0.12,2.0.13,patch
britka/playwrightium,34,org.testng:testng,7.9.0,7.10.0,minor
britka/playwrightium,31,com.codeborne:selenide-testng,7.2.2,7.2.3,patch
britka/playwrightium,28,com.codeborne:selenide-testng,7.2.1,7.2.2,patch
britka/playwrightium,24,com.codeborne:selenide-testng,7.2.0,7.2.1,patch
britka/playwrightium,23,com.microsoft.playwright:playwright,1.41.2,1.42.0,minor
britka/playwrightium,20,com.codeborne:selenide,7.1.0,7.2.0,minor
britka/playwrightium,18,com.codeborne:selenide,7.0.6,7.1.0,minor
britka/playwrightium,16,org.slf4j:slf4j-simple,2.0.11,2.0.12,patch
britka/playwrightium,14,org.junit.jupiter:junit-jupiter-params,5.10.1,5.10.2,patch
britka/playwrightium,13,org.slf4j:slf4j-simple,2.0.9,2.0.11,patch
britka/playwrightium,12,com.microsoft.playwright:playwright,1.40.0,1.41.2,minor
britka/playwrightium,11,org.slf4j:slf4j-api,2.0.9,2.0.11,patch
britka/playwrightium,10,com.codeborne:selenide,7.0.4,7.0.6,patch
britka/playwrightium,7,org.apache.maven.plugins:maven-javadoc-plugin,3.5.0,3.6.3,minor
britka/playwrightium,5,org.assertj:assertj-core,3.24.2,3.25.2,minor
SpringBootCourses/data-analyser-microservice,28,org.springframework.kafka:spring-kafka,3.0.12,3.1.1,minor
SpringBootCourses/data-analyser-microservice,22,com.jcabi:jcabi-xml,0.27.2,0.29.0,minor
SpringBootCourses/data-analyser-microservice,21,org.springframework.kafka:spring-kafka,3.0.4,3.0.12,patch
SpringBootCourses/data-analyser-microservice,18,io.projectreactor.kafka:reactor-kafka,1.3.17,1.3.22,patch
Swofty-Developments/Continued-Slime-World-Manager,5,org.mongodb:mongo-java-driver,3.11.0-rc0,3.12.14,minor
Swofty-Developments/Continued-Slime-World-Manager,3,org.yaml:snakeyaml,1.24,2.0,major
whereareiam/Socialismus,20,net.kyori:adventure-text-minimessage,4.15.0,4.16.0,minor
whereareiam/Socialismus,14,org.xerial:sqlite-jdbc,3.44.1.0,3.45.0.0,minor
whereareiam/Socialismus,13,org.apache.maven.plugins:maven-javadoc-plugin,3.3.0,3.6.3,minor
whereareiam/Socialismus,12,net.kyori:adventure-text-serializer-plain,4.14.0,4.15.0,minor
whereareiam/Socialismus,9,net.kyori:adventure-platform-bukkit,4.3.0,4.3.2,patch
whereareiam/Socialismus,8,net.kyori:adventure-text-minimessage,4.14.0,4.15.0,minor
whereareiam/Socialismus,7,org.xerial:sqlite-jdbc,3.43.2.1,3.44.1.0,minor
dmlloyd/jdk-classfile-preview,21,org.codehaus.mojo:versions-maven-plugin,2.16.1,2.16.2,patch
dmlloyd/jdk-classfile-preview,17,org.apache.maven.plugins:maven-clean-plugin,3.3.1,3.3.2,patch
dmlloyd/jdk-classfile-preview,12,org.codehaus.mojo:versions-maven-plugin,2.16.0,2.16.1,patch
dmlloyd/jdk-classfile-preview,6,org.apache.maven.plugins:maven-javadoc-plugin,3.0.1,3.5.0,minor
dmlloyd/jdk-classfile-preview,4,org.apache.maven.plugins:maven-surefire-plugin,3.0.0-M8,3.1.2,minor
dmlloyd/jdk-classfile-preview,3,org.apache.maven.plugins:maven-clean-plugin,3.2.0,3.3.1,minor
dmlloyd/jdk-classfile-preview,2,org.apache.maven.plugins:maven-resources-plugin,3.3.0,3.3.1,patch
dmlloyd/jdk-classfile-preview,1,org.apache.maven.plugins:maven-compiler-plugin,3.10.1,3.11.0,minor
JDK-Plus/spring-boot-starter-milvus,30,org.apache.maven.plugins:maven-gpg-plugin,3.1.0,3.2.3,minor
JDK-Plus/spring-boot-starter-milvus,29,com.azure:azure-core-http-netty,1.14.1,1.14.2,patch
JDK-Plus/spring-boot-starter-milvus,28,com.azure:azure-core,1.47.0,1.48.0,minor
JDK-Plus/spring-boot-starter-milvus,21,com.azure:azure-core,1.45.1,1.47.0,minor
JDK-Plus/spring-boot-starter-milvus,20,com.azure:azure-core-http-netty,1.13.11,1.14.1,minor
JDK-Plus/spring-boot-starter-milvus,12,org.sonatype.plugins:nexus-staging-maven-plugin,1.6.7,1.6.13,patch
JDK-Plus/spring-boot-starter-milvus,10,com.azure:azure-core,1.43.0,1.45.1,minor
JDK-Plus/spring-boot-starter-milvus,9,kr.motd.maven:os-maven-plugin,1.6.2,1.7.1,minor
Cosium/matrix-communication-client,36,ch.qos.logback:logback-classic,1.4.11,1.4.14,patch
hantsy/jakartaee10-starter-boilerplate,76,org.codehaus.cargo:cargo-maven3-plugin,1.10.12,1.10.13,patch
hantsy/jakartaee10-starter-boilerplate,73,org.wildfly.plugins:wildfly-maven-plugin,4.2.2.Final,5.0.0.Final,major
hantsy/jakartaee10-starter-boilerplate,60,org.sonarsource.scanner.maven:sonar-maven-plugin,3.10.0.2594,3.11.0.3922,minor
hantsy/jakartaee10-starter-boilerplate,59,io.openliberty.tools:liberty-maven-plugin,3.10.1,3.10.2,patch
hantsy/jakartaee10-starter-boilerplate,58,io.openliberty.tools:liberty-maven-plugin,3.10,3.10.1,patch
hantsy/jakartaee10-starter-boilerplate,57,org.jboss.remoting:jboss-remoting,5.0.27.Final,5.0.28.Final,patch
hantsy/jakartaee10-starter-boilerplate,55,org.codehaus.cargo:cargo-maven3-plugin,1.10.11,1.10.12,patch
hantsy/jakartaee10-starter-boilerplate,52,org.wildfly.plugins:wildfly-maven-plugin,4.2.1.Final,4.2.2.Final,patch
hantsy/jakartaee10-starter-boilerplate,48,org.apache.maven.plugins:maven-surefire-report-plugin,3.2.3,3.2.5,patch
hantsy/jakartaee10-starter-boilerplate,45,org.apache.maven.plugins:maven-jxr-plugin,3.3.1,3.3.2,patch
hantsy/jakartaee10-starter-boilerplate,38,org.apache.maven.plugins:maven-surefire-report-plugin,3.2.2,3.2.3,patch
hantsy/jakartaee10-starter-boilerplate,36,io.openliberty.tools:liberty-maven-plugin,3.8.2,3.10,minor
hantsy/jakartaee10-starter-boilerplate,35,org.codehaus.cargo:cargo-maven3-plugin,1.10.7,1.10.11,patch
hantsy/jakartaee10-starter-boilerplate,31,org.wildfly.plugins:wildfly-maven-plugin,4.2.0.Final,4.2.1.Final,patch
hantsy/jakartaee10-starter-boilerplate,30,org.apache.maven.plugins:maven-surefire-report-plugin,3.2.1,3.2.2,patch
hantsy/jakartaee10-starter-boilerplate,25,org.apache.maven.plugins:maven-jxr-plugin,3.3.0,3.3.1,patch
hantsy/jakartaee10-starter-boilerplate,24,org.apache.maven.plugins:maven-dependency-plugin,3.6.0,3.6.1,patch
hantsy/jakartaee10-starter-boilerplate,23,org.apache.maven.plugins:maven-surefire-report-plugin,3.1.2,3.2.1,minor
hantsy/jakartaee10-starter-boilerplate,19,io.openliberty.tools:liberty-maven-plugin,3.8,3.8.2,patch
albilu/netbeansPython,74,org.json:json,20230618,20231013,major
albilu/netbeansPython,68,com.electronwill.night-config:toml,3.6.6,3.6.7,patch
albilu/netbeansPython,67,com.google.guava:guava,32.0.1-jre,32.1.2-jre,minor
albilu/netbeansPython,66,se.bjurr.gitchangelog:git-changelog-maven-plugin,1.97.1,1.100.6,minor
albilu/netbeansPython,65,com.electronwill.night-config:core,3.6.6,3.6.7,patch
albilu/netbeansPython,60,se.bjurr.gitchangelog:git-changelog-maven-plugin,1.97.0,1.97.1,patch
albilu/netbeansPython,59,com.konghq:unirest-java,3.14.2,3.14.5,patch
YehiaFarghaly/database-engine,119,com.opencsv:opencsv,5.8,5.9,minor
YehiaFarghaly/database-engine,100,com.opencsv:opencsv,5.7.1,5.8,minor
openbrms/openbrms,62,com.google.cloud.tools:jib-maven-plugin,3.4.0,3.4.1,patch
openbrms/openbrms,28,com.google.cloud.tools:jib-maven-plugin,3.3.2,3.4.0,minor
openbrms/openbrms,16,org.slf4j:slf4j-api,1.7.36,2.0.7,major
apache/eventmesh-dashboard,127,org.springdoc:springdoc-openapi-ui,1.7.0,1.8.0,minor
apache/eventmesh-dashboard,125,com.alibaba.fastjson2:fastjson2,2.0.40,2.0.49,patch
apache/eventmesh-dashboard,115,org.apache.rocketmq:rocketmq-client,4.9.4,4.9.8,patch
apache/eventmesh-dashboard,114,org.apache.maven.plugins:maven-compiler-plugin,3.8.1,3.13.0,minor
apache/eventmesh-dashboard,113,io.etcd:jetcd-core,0.7.5,0.7.7,patch
apache/eventmesh-dashboard,110,org.apache.rocketmq:rocketmq-tools,4.9.4,4.9.8,patch
apache/eventmesh-dashboard,108,com.alibaba:druid-spring-boot-starter,1.2.21,1.2.22,patch
apache/eventmesh-dashboard,107,org.springdoc:springdoc-openapi-javadoc,1.7.0,1.8.0,minor
apache/eventmesh-dashboard,106,com.alibaba.nacos:nacos-client,2.1.2,2.3.2,minor
making/retryable-client-http-request-interceptor,20,io.spring.javaformat:spring-javaformat-maven-plugin,0.0.39,0.0.41,patch
making/retryable-client-http-request-interceptor,14,org.apache.maven.plugins:maven-surefire-plugin,3.1.2,3.2.2,minor
artemnefedov/JavaAI,47,org.apache.maven.plugins:maven-jar-plugin,3.4.0,3.4.1,patch
artemnefedov/JavaAI,43,org.apache.maven.plugins:maven-jar-plugin,3.3.0,3.4.0,minor
artemnefedov/JavaAI,32,org.junit.jupiter:junit-jupiter-engine,5.10.1,5.10.2,patch
artemnefedov/JavaAI,25,org.junit.jupiter:junit-jupiter-engine,5.10.0,5.10.1,patch
artemnefedov/JavaAI,20,org.yaml:snakeyaml,2.1,2.2,minor
artemnefedov/JavaAI,19,ch.qos.logback:logback-classic,1.4.9,1.4.11,patch
artemnefedov/JavaAI,18,ch.qos.logback:logback-classic,1.4.8,1.4.9,patch
artemnefedov/JavaAI,17,org.yaml:snakeyaml,2.0,2.1,minor
artemnefedov/JavaAI,16,org.junit.jupiter:junit-jupiter-engine,5.9.3,5.10.0,minor
quarkiverse/quarkus-jnosql,36,org.apache.solr:solr-solrj,9.2.1,9.3.0,minor
huanmeng-qwq/Gui,7,org.apache.maven.plugins:maven-gpg-plugin,3.0.1,3.2.3,minor
huanmeng-qwq/Gui,6,org.apache.maven.plugins:maven-shade-plugin,3.2.3,3.5.2,minor
huanmeng-qwq/Gui,5,org.apache.maven.plugins:maven-compiler-plugin,3.10.1,3.13.0,minor
huanmeng-qwq/Gui,4,org.jetbrains.dokka:dokka-maven-plugin,1.8.10,1.9.20,minor
huanmeng-qwq/Gui,2,org.apache.maven.plugins:maven-release-plugin,2.5.3,3.0.1,major
camunda-community-hub/zeebe-clickhouse-exporter,63,com.puppycrawl.tools:checkstyle,10.12.1,10.12.3,patch
SpringBootCourses/tasklist,49,org.springdoc:springdoc-openapi-starter-webmvc-ui,2.3.0,2.4.0,minor
SpringBootCourses/tasklist,48,io.minio:minio,8.5.8,8.5.9,patch
SpringBootCourses/tasklist,47,org.mockito:mockito-core,5.9.0,5.11.0,minor
SpringBootCourses/tasklist,43,org.jacoco:jacoco-maven-plugin,0.8.8,0.8.11,patch
SpringBootCourses/tasklist,40,io.minio:minio,8.5.7,8.5.8,patch
SpringBootCourses/tasklist,39,org.junit.jupiter:junit-jupiter-api,5.10.1,5.10.2,patch
SpringBootCourses/tasklist,32,com.graphql-java-kickstart:graphql-java-kickstart,15.0.0,15.2.0,minor
SpringBootCourses/tasklist,30,au.com.acegi:xml-format-maven-plugin,3.2.2,3.3.1,minor
SpringBootCourses/tasklist,27,com.graphql-java:graphql-java-extended-scalars,20.2,21.0,major
SpringBootCourses/tasklist,26,io.minio:minio,8.5.3,8.5.7,patch
SpringBootCourses/tasklist,24,org.springdoc:springdoc-openapi-starter-webmvc-ui,2.0.2,2.3.0,minor
SpringBootCourses/tasklist,23,org.liquibase:liquibase-core,4.23.0,4.25.1,minor
SpringBootCourses/tasklist,22,org.mockito:mockito-core,5.4.0,5.9.0,minor
SpringBootCourses/tasklist,21,org.postgresql:postgresql,42.5.1,42.7.1,minor
SpringBootCourses/tasklist,18,org.junit.jupiter:junit-jupiter-api,5.10.0,5.10.1,patch
quarkiverse/quarkus-primefaces,198,com.googlecode.libphonenumber:libphonenumber,8.13.35,8.13.36,patch
quarkiverse/quarkus-primefaces,192,com.googlecode.libphonenumber:libphonenumber,8.13.34,8.13.35,patch
quarkiverse/quarkus-primefaces,155,org.primefaces:primefaces,13.0.4,13.0.5,patch
quarkiverse/quarkus-primefaces,154,com.googlecode.libphonenumber:libphonenumber,8.13.27,8.13.28,patch
quarkiverse/quarkus-primefaces,153,dev.morphia.morphia:morphia-core,2.4.10,2.4.11,patch
quarkiverse/quarkus-primefaces,147,org.primefaces:primefaces,13.0.3,13.0.4,patch
quarkiverse/quarkus-primefaces,146,dev.morphia.morphia:morphia-core,2.4.9,2.4.10,patch
quarkiverse/quarkus-primefaces,143,com.googlecode.libphonenumber:libphonenumber,8.13.26,8.13.27,patch
quarkiverse/quarkus-primefaces,141,dev.morphia.morphia:morphia-core,2.4.8,2.4.9,patch
quarkiverse/quarkus-primefaces,140,com.googlecode.libphonenumber:libphonenumber,8.13.25,8.13.26,patch
quarkiverse/quarkus-primefaces,137,dev.morphia.morphia:morphia-core,2.4.7,2.4.8,patch
quarkiverse/quarkus-primefaces,133,org.primefaces:primefaces,13.0.2,13.0.3,patch
quarkiverse/quarkus-primefaces,132,com.googlecode.libphonenumber:libphonenumber,8.13.24,8.13.25,patch
quarkiverse/quarkus-primefaces,130,dev.morphia.morphia:morphia-core,2.4.6,2.4.7,patch
quarkiverse/quarkus-primefaces,129,com.googlecode.libphonenumber:libphonenumber,8.13.23,8.13.24,patch
quarkiverse/quarkus-primefaces,124,com.googlecode.libphonenumber:libphonenumber,8.13.22,8.13.23,patch
quarkiverse/quarkus-primefaces,122,org.primefaces:primefaces,13.0.1,13.0.2,patch
quarkiverse/quarkus-primefaces,118,dev.morphia.morphia:morphia-core,2.4.5,2.4.6,patch
quarkiverse/quarkus-primefaces,117,com.googlecode.libphonenumber:libphonenumber,8.13.21,8.13.22,patch
quarkiverse/quarkus-primefaces,114,dev.morphia.morphia:morphia-core,2.4.4,2.4.5,patch
quarkiverse/quarkus-primefaces,113,com.googlecode.libphonenumber:libphonenumber,8.13.20,8.13.21,patch
quarkiverse/quarkus-primefaces,109,org.primefaces:primefaces,13.0.0,13.0.1,patch
quarkiverse/quarkus-primefaces,107,dev.morphia.morphia:morphia-core,2.4.3,2.4.4,patch
quarkiverse/quarkus-primefaces,106,dev.morphia.morphia:morphia-core,2.4.2,2.4.3,patch
quarkiverse/quarkus-primefaces,104,com.googlecode.libphonenumber:libphonenumber,8.13.19,8.13.20,patch
quarkiverse/quarkus-primefaces,102,dev.morphia.morphia:morphia-core,2.4.1,2.4.2,patch
quarkiverse/quarkus-primefaces,101,com.googlecode.libphonenumber:libphonenumber,8.13.18,8.13.19,patch
quarkiverse/quarkus-primefaces,98,com.googlecode.libphonenumber:libphonenumber,8.13.17,8.13.18,patch
quarkiverse/quarkus-primefaces,96,dev.morphia.morphia:morphia-core,2.4.0,2.4.1,patch
quarkiverse/quarkus-primefaces,95,dev.morphia.morphia:morphia-core,2.3.6,2.4.0,minor
quarkiverse/quarkus-primefaces,94,dev.morphia.morphia:morphia-core,2.3.5,2.3.6,patch
databricks/databricks-sdk-java,206,org.apache.maven.plugins:maven-failsafe-plugin,3.1.2,3.2.5,minor
databricks/databricks-sdk-java,147,org.slf4j:slf4j-reload4j,2.0.7,2.0.9,patch
liquibase/liquibase-databricks,135,com.databricks:databricks-jdbc,2.6.36,2.6.38,patch
liquibase/liquibase-databricks,100,org.codehaus.mojo:flatten-maven-plugin,1.5.0,1.6.0,minor
liquibase/liquibase-databricks,91,com.databricks:databricks-jdbc,2.6.34,2.6.36,patch
liquibase/liquibase-databricks,89,org.liquibase.ext:liquibase-sdk-maven-plugin,0.10.22,0.10.23,patch
liquibase/liquibase-databricks,85,org.liquibase.ext:liquibase-sdk-maven-plugin,0.10.20,0.10.22,patch
liquibase/liquibase-databricks,83,org.codehaus.mojo:flatten-maven-plugin,1.4.1,1.5.0,minor
liquibase/liquibase-databricks,82,org.sonarsource.scanner.maven:sonar-maven-plugin,3.9.1.2184,3.10.0.2594,minor
liquibase/liquibase-databricks,79,org.apache.maven.plugins:maven-surefire-plugin,3.1.0,3.2.2,minor
liquibase/liquibase-databricks,78,org.codehaus.mojo:build-helper-maven-plugin,3.3.0,3.5.0,minor
rabobank/shadow-tool,154,org.bouncycastle:bcprov-jdk18on,1.78,1.78.1,patch
rabobank/shadow-tool,150,org.bouncycastle:bcprov-jdk18on,1.77,1.78,minor
rabobank/shadow-tool,148,org.javers:javers-core,7.4.1,7.4.2,patch
rabobank/shadow-tool,144,org.javers:javers-core,7.4.0,7.4.1,patch
rabobank/shadow-tool,141,org.javers:javers-core,7.3.8,7.4.0,minor
rabobank/shadow-tool,139,org.javers:javers-core,7.3.7,7.3.8,patch
rabobank/shadow-tool,128,org.javers:javers-core,7.3.6,7.3.7,patch
rabobank/shadow-tool,126,io.projectreactor:reactor-core,3.6.0,3.6.1,patch
rabobank/shadow-tool,123,org.mockito:mockito-core,5.7.0,5.8.0,minor
rabobank/shadow-tool,114,org.javers:javers-core,7.3.5,7.3.6,patch
rabobank/shadow-tool,104,org.javers:javers-core,7.3.3,7.3.5,patch
rabobank/shadow-tool,103,org.mockito:mockito-core,5.6.0,5.7.0,minor
rabobank/shadow-tool,99,io.projectreactor:reactor-core,3.5.10,3.5.11,patch
rabobank/shadow-tool,96,io.projectreactor:reactor-core,3.5.7,3.5.10,patch
rabobank/shadow-tool,95,org.javers:javers-core,7.0.2,7.3.3,minor
java-operator-sdk/jenvtest,168,org.bouncycastle:bcpkix-jdk18on,1.77,1.78,minor
java-operator-sdk/jenvtest,167,commons-io:commons-io,2.15.0,2.16.0,minor
java-operator-sdk/jenvtest,166,org.apache.commons:commons-compress,1.26.0,1.26.1,patch
java-operator-sdk/jenvtest,162,org.apache.commons:commons-compress,1.25.0,1.26.0,minor
java-operator-sdk/jenvtest,158,org.mockito:mockito-core,5.8.0,5.10.0,minor
java-operator-sdk/jenvtest,143,com.fasterxml.jackson.core:jackson-databind,2.14.2,2.16.0,minor
java-operator-sdk/jenvtest,142,io.javaoperatorsdk:kubernetes-webhooks-framework-core,1.0.0,1.1.3,minor
java-operator-sdk/jenvtest,130,commons-io:commons-io,2.13.0,2.15.0,minor
java-operator-sdk/jenvtest,129,org.apache.commons:commons-compress,1.24.0,1.25.0,minor
java-operator-sdk/jenvtest,122,org.apache.maven.plugins:maven-javadoc-plugin,3.5.0,3.6.2,minor
java-operator-sdk/jenvtest,113,org.apache.commons:commons-compress,1.23.0,1.24.0,minor
java-operator-sdk/jenvtest,109,org.mockito:mockito-core,5.4.0,5.5.0,minor
aws/neptune-export,100,org.apache.maven.plugins:maven-javadoc-plugin,2.9.1,3.6.3,major
aws/neptune-export,54,org.apache.maven.plugins:maven-deploy-plugin,2.8.1,3.1.1,major
jetty/jetty-examples,75,org.apache.logging.log4j:log4j-slf4j2-impl,2.22.1,2.23.1,other
jetty/jetty-examples,74,commons-logging:commons-logging,1.2,1.3.1,other
jetty/jetty-examples,54,ch.qos.logback:logback-classic,1.4.14,1.5.6,other
jetty/jetty-examples,52,org.codehaus.mojo:exec-maven-plugin,3.1.1,3.2.0,other
jetty/jetty-examples,38,org.slf4j:jcl-over-slf4j,2.0.12,2.0.13,other
jetty/jetty-examples,36,org.jboss.weld.servlet:weld-servlet-core,3.0.0.Final,3.0.6.Final,other
jetty/jetty-examples,4,org.slf4j:jcl-over-slf4j,2.0.11,2.0.12,other
quarkiverse/quarkus-mailpit,60,org.openapitools:openapi-generator-maven-plugin,7.4.0,7.5.0,other
quarkiverse/quarkus-mailpit,33,org.openapitools:openapi-generator-maven-plugin,7.1.0,7.2.0,other
quarkiverse/quarkus-mailpit,28,org.openapitools:openapi-generator-maven-plugin,7.0.1,7.1.0,other
quarkiverse/quarkus-mailpit,14,org.openapitools:openapi-generator-maven-plugin,7.0.0,7.0.1,other
CloneWith/opsu,73,org.gnu.gettext:libintl,0.18.2,0.18.3,other
CloneWith/opsu,48,org.codehaus.mojo:exec-maven-plugin,1.3.2,3.1.1,other
CloneWith/opsu,47,org.apache.maven.plugins:maven-shade-plugin,2.4.1,3.5.1,other
CloneWith/opsu,45,org.apache.maven:maven-artifact,3.3.3,3.9.6,other
CloneWith/opsu,44,org.tukaani:xz,1.6,1.9,other
CloneWith/opsu,39,net.java.dev.jna:jna,4.2.2,5.14.0,other
CloneWith/opsu,38,org.apache.maven.plugins:maven-compiler-plugin,3.2,3.12.1,other
CloneWith/opsu,37,net.java.dev.jna:jna-platform,4.2.2,5.14.0,other
CloneWith/opsu,36,org.xerial:sqlite-jdbc,3.41.2.2,3.45.1.0,other
CloneWith/opsu,35,net.lingala.zip4j:zip4j,2.11.3,2.11.5,other
CloneWith/opsu,6,org.xerial:sqlite-jdbc,3.15.1,3.41.2.2,minor
CloneWith/opsu,4,net.lingala.zip4j:zip4j,1.3.2,2.11.3,other
CloneWith/opsu,5,org.json:json,20160810,20231013,other
InfluxCommunity/influxdb3-java,128,org.apache.maven.plugins:maven-gpg-plugin,3.2.2,3.2.4,other
InfluxCommunity/influxdb3-java,116,org.apache.arrow:flight-grpc,15.0.1,15.0.2,other
InfluxCommunity/influxdb3-java,111,org.apache.arrow:flight-grpc,15.0.0,15.0.1,other
InfluxCommunity/influxdb3-java,102,com.google.protobuf:protobuf-java,3.25.2,3.25.3,other
InfluxCommunity/influxdb3-java,93,org.apache.arrow:flight-grpc,14.0.2,15.0.0,other
InfluxCommunity/influxdb3-java,90,org.slf4j:slf4j-simple,2.0.10,2.0.11,other
InfluxCommunity/influxdb3-java,88,com.google.protobuf:protobuf-java,3.25.1,3.25.2,other
InfluxCommunity/influxdb3-java,86,org.slf4j:slf4j-simple,2.0.9,2.0.10,other
InfluxCommunity/influxdb3-java,81,org.apache.arrow:flight-grpc,14.0.1,14.0.2,other
InfluxCommunity/influxdb3-java,73,org.apache.maven.plugins:maven-project-info-reports-plugin,3.4.5,3.5.0,other
InfluxCommunity/influxdb3-java,71,com.google.protobuf:protobuf-java,3.25.0,3.25.1,other
InfluxCommunity/influxdb3-java,66,org.apache.arrow:flight-grpc,14.0.0,14.0.1,other
InfluxCommunity/influxdb3-java,64,org.apache.arrow:flight-grpc,13.0.0,14.0.0,other
InfluxCommunity/influxdb3-java,63,com.google.protobuf:protobuf-java,3.24.4,3.25.0,other
InfluxCommunity/influxdb3-java,59,com.squareup.okhttp3:mockwebserver,4.11.0,4.12.0,other
InfluxCommunity/influxdb3-java,57,com.google.guava:guava,32.1.2-jre,32.1.3-jre,other
InfluxCommunity/influxdb3-java,56,io.netty:netty-codec-http2,4.1.99.Final,4.1.100.Final,other
InfluxCommunity/influxdb3-java,51,com.google.protobuf:protobuf-java,3.24.3,3.24.4,other
InfluxCommunity/influxdb3-java,45,org.apache.maven.plugins:maven-enforcer-plugin,3.3.0,3.4.1,other
InfluxCommunity/influxdb3-java,44,com.google.protobuf:protobuf-java,3.24.1,3.24.3,other
InfluxCommunity/influxdb3-java,43,org.slf4j:slf4j-simple,2.0.7,2.0.9,other
InfluxCommunity/influxdb3-java,39,org.apache.arrow:flight-grpc,12.0.1,13.0.0,other
InfluxCommunity/influxdb3-java,35,com.google.protobuf:protobuf-java,3.24.0,3.24.1,other
InfluxCommunity/influxdb3-java,34,com.google.protobuf:protobuf-java,3.23.4,3.24.0,other
quarkiverse/quarkus-bucket4j,112,com.bucket4j:bucket4j-caffeine,8.8.0,8.10.1,other
quarkiverse/quarkus-bucket4j,111,com.bucket4j:bucket4j-core,8.8.0,8.10.1,other
quarkiverse/quarkus-bucket4j,100,com.bucket4j:bucket4j-core,8.7.0,8.8.0,other
quarkiverse/quarkus-bucket4j,99,com.bucket4j:bucket4j-caffeine,8.7.0,8.8.0,other
quarkiverse/quarkus-bucket4j,96,org.assertj:assertj-core,3.25.1,3.25.3,other
KouShenhai/KCloud-Platform-IoT,1654,com.amazonaws:aws-java-sdk-s3,1.12.704,1.12.705,other
KouShenhai/KCloud-Platform-IoT,1517,com.amazonaws:aws-java-sdk-s3,1.12.695,1.12.696,other
KouShenhai/KCloud-Platform-IoT,1218,org.redisson:redisson,3.26.0,3.26.1,other
KouShenhai/KCloud-Platform-IoT,1186,org.elasticsearch.client:elasticsearch-rest-high-level-client,7.17.16,7.17.17,other
KouShenhai/KCloud-Platform-IoT,1086,com.ctrip.framework.apollo:apollo-openapi,2.1.0,2.2.0,other
KouShenhai/KCloud-Platform-IoT,1041,org.apache.httpcomponents:httpcore,4.4.15,4.4.16,other
KouShenhai/KCloud-Platform-IoT,1007,org.elasticsearch.client:elasticsearch-rest-high-level-client,7.17.15,7.17.16,other
KouShenhai/KCloud-Platform-IoT,988,com.alibaba:druid,1.2.16,1.2.20,other
KouShenhai/KCloud-Platform-IoT,961,com.alibaba:transmittable-thread-local,2.14.3,2.14.4,other
KouShenhai/KCloud-Platform-IoT,959,org.flywaydb:flyway-mysql,9.20.0,10.1.0,other
KouShenhai/KCloud-Platform-IoT,556,org.springframework.kafka:spring-kafka,3.0.4,3.0.10,other
mfoo/libyear-maven-plugin,221,org.apache.maven.resolver:maven-resolver-api,1.9.18,1.9.19,other
mfoo/libyear-maven-plugin,219,org.apache.maven.plugins:maven-invoker-plugin,3.6.0,3.6.1,other
mfoo/libyear-maven-plugin,217,org.apache.maven.plugins:maven-plugin-plugin,3.11.0,3.12.0,other
mfoo/libyear-maven-plugin,214,org.apache.maven.plugins:maven-plugin-report-plugin,3.11.0,3.12.0,other
mfoo/libyear-maven-plugin,212,org.apache.maven.plugin-tools:maven-plugin-annotations,3.11.0,3.12.0,other
mfoo/libyear-maven-plugin,207,org.mockito:mockito-junit-jupiter,5.10.0,5.11.0,other
mfoo/libyear-maven-plugin,204,com.github.tomakehurst:wiremock-jre8,2.35.1,2.35.2,other
mfoo/libyear-maven-plugin,199,com.diffplug.spotless:spotless-maven-plugin,2.42.0,2.43.0,other
mfoo/libyear-maven-plugin,198,org.mockito:mockito-junit-jupiter,5.9.0,5.10.0,other
mfoo/libyear-maven-plugin,196,org.apache.maven.plugins:maven-plugin-report-plugin,3.10.2,3.11.0,other
mfoo/libyear-maven-plugin,194,org.mockito:mockito-junit-jupiter,5.8.0,5.9.0,other
mfoo/libyear-maven-plugin,190,com.diffplug.spotless:spotless-maven-plugin,2.41.1,2.42.0,other
mfoo/libyear-maven-plugin,189,org.apache.maven.plugin-tools:maven-plugin-annotations,3.10.2,3.11.0,other
mfoo/libyear-maven-plugin,185,org.codehaus.plexus:plexus-xml,4.0.2,4.0.3,other
mfoo/libyear-maven-plugin,182,com.diffplug.spotless:spotless-maven-plugin,2.40.0,2.41.1,other
mfoo/libyear-maven-plugin,180,org.mockito:mockito-junit-jupiter,5.7.0,5.8.0,other
mfoo/libyear-maven-plugin,175,org.apache.maven.resolver:maven-resolver-api,1.9.16,1.9.18,other
mfoo/libyear-maven-plugin,171,org.apache.maven.plugins:maven-plugin-report-plugin,3.10.1,3.10.2,other
mfoo/libyear-maven-plugin,170,org.apache.maven.plugin-tools:maven-plugin-annotations,3.10.1,3.10.2,other
mfoo/libyear-maven-plugin,168,org.apache.maven.plugins:maven-plugin-plugin,3.10.1,3.10.2,other
mfoo/libyear-maven-plugin,166,org.mockito:mockito-junit-jupiter,5.6.0,5.7.0,other
mfoo/libyear-maven-plugin,162,org.apache.maven.plugins:maven-plugin-report-plugin,3.9.0,3.10.1,other
mfoo/libyear-maven-plugin,160,org.apache.maven.plugins:maven-plugin-plugin,3.9.0,3.10.1,other
mfoo/libyear-maven-plugin,159,org.apache.maven.plugin-tools:maven-plugin-annotations,3.9.0,3.10.1,other
mfoo/libyear-maven-plugin,156,org.mockito:mockito-junit-jupiter,5.5.0,5.6.0,other
mfoo/libyear-maven-plugin,155,org.mockito:mockito-core,5.5.0,5.6.0,other
mfoo/libyear-maven-plugin,153,org.apache.maven.resolver:maven-resolver-api,1.9.15,1.9.16,other
mfoo/libyear-maven-plugin,152,com.diffplug.spotless:spotless-maven-plugin,2.39.0,2.40.0,other
mfoo/libyear-maven-plugin,148,com.github.tomakehurst:wiremock-jre8,2.35.0,2.35.1,other
mfoo/libyear-maven-plugin,147,com.diffplug.spotless:spotless-maven-plugin,2.38.0,2.39.0,other
mfoo/libyear-maven-plugin,145,org.mockito:mockito-junit-jupiter,5.4.0,5.5.0,other
mfoo/libyear-maven-plugin,141,org.apache.maven.resolver:maven-resolver-api,1.9.14,1.9.15,other
mfoo/libyear-maven-plugin,139,org.apache.maven.resolver:maven-resolver-api,1.9.13,1.9.14,other
mfoo/libyear-maven-plugin,136,com.diffplug.spotless:spotless-maven-plugin,2.37.0,2.38.0,other
mcollovati/quarkus-hilla,685,org.jreleaser:jreleaser-maven-plugin,1.11.0,1.12.0,other
mcollovati/quarkus-hilla,680,com.codeborne:selenide,7.2.3,7.3.1,other
mcollovati/quarkus-hilla,637,com.codeborne:selenide,7.2.2,7.2.3,other
mcollovati/quarkus-hilla,628,com.codeborne:selenide,7.2.1,7.2.2,other
mcollovati/quarkus-hilla,597,com.codeborne:selenide,7.2.0,7.2.1,other
mcollovati/quarkus-hilla,588,org.jreleaser:jreleaser-maven-plugin,1.10.0,1.11.0,other
mcollovati/quarkus-hilla,547,com.codeborne:selenide,7.0.5,7.0.6,other
mcollovati/quarkus-hilla,542,com.codeborne:selenide,7.0.4,7.0.5,other
mcollovati/quarkus-hilla,529,com.diffplug.spotless:spotless-maven-plugin,2.41.1,2.43.0,other
mcollovati/quarkus-hilla,508,org.jreleaser:jreleaser-maven-plugin,1.9.0,1.10.0,other
mcollovati/quarkus-hilla,470,com.codeborne:selenide,7.0.3,7.0.4,other
mcollovati/quarkus-hilla,461,com.diffplug.spotless:spotless-maven-plugin,2.41.0,2.41.1,other
mcollovati/quarkus-hilla,455,com.codeborne:selenide,7.0.2,7.0.3,other
mcollovati/quarkus-hilla,443,io.smallrye:jandex-maven-plugin,3.1.5,3.1.6,other
mcollovati/quarkus-hilla,441,com.diffplug.spotless:spotless-maven-plugin,2.40.0,2.41.0,other
mcollovati/quarkus-hilla,364,com.codeborne:selenide,7.0.0,7.0.1,other
mcollovati/quarkus-hilla,350,com.codeborne:selenide,6.19.1,7.0.0,other
mcollovati/quarkus-hilla,332,com.codeborne:selenide,6.19.0,6.19.1,other
mcollovati/quarkus-hilla,279,com.codeborne:selenide,6.18.0,6.19.0,other
mcollovati/quarkus-hilla,276,io.smallrye:jandex-maven-plugin,3.1.3,3.1.5,other
mcollovati/quarkus-hilla,246,com.codeborne:selenide,6.17.2,6.18.0,other
mcollovati/quarkus-hilla,241,com.codeborne:selenide,6.16.0,6.17.2,other
mcollovati/quarkus-hilla,240,org.jreleaser:jreleaser-maven-plugin,1.7.0,1.8.0,other
mcollovati/quarkus-hilla,227,io.smallrye:jandex-maven-plugin,3.1.2,3.1.3,other
mcollovati/quarkus-hilla,221,com.codeborne:selenide,6.17.1,6.17.2,other
mcollovati/quarkus-hilla,210,com.codeborne:selenide,6.17.0,6.17.1,other
mcollovati/quarkus-hilla,195,com.codeborne:selenide,6.16.1,6.17.0,other
mcollovati/quarkus-hilla,175,com.codeborne:selenide,6.16.0,6.16.1,other
kiota-community/kiota-java-extra,126,com.microsoft.kiota:microsoft-kiota-abstractions,1.1.6,1.1.9,other
kiota-community/kiota-java-extra,125,com.microsoft.kiota:microsoft-kiota-abstractions,1.1.4,1.1.6,other
kiota-community/kiota-java-extra,119,com.microsoft.kiota:microsoft-kiota-abstractions,1.1.3,1.1.4,other
kiota-community/kiota-java-extra,113,com.microsoft.kiota:microsoft-kiota-abstractions,1.1.2,1.1.3,other
kiota-community/kiota-java-extra,109,com.microsoft.kiota:microsoft-kiota-abstractions,1.1.1,1.1.2,other
kiota-community/kiota-java-extra,108,com.microsoft.kiota:microsoft-kiota-abstractions,1.0.6,1.1.1,other
kiota-community/kiota-java-extra,102,com.microsoft.kiota:microsoft-kiota-abstractions,1.0.5,1.0.6,other
kiota-community/kiota-java-extra,99,com.microsoft.kiota:microsoft-kiota-abstractions,1.0.3,1.0.5,other
kiota-community/kiota-java-extra,97,com.microsoft.kiota:microsoft-kiota-abstractions,1.0.2,1.0.3,other
kiota-community/kiota-java-extra,96,com.microsoft.kiota:microsoft-kiota-abstractions,1.0.1,1.0.2,other
kiota-community/kiota-java-extra,94,com.microsoft.kiota:microsoft-kiota-abstractions,0.12.2,1.0.1,other
kiota-community/kiota-java-extra,91,com.microsoft.kiota:microsoft-kiota-abstractions,0.12.1,0.12.2,other
kiota-community/kiota-java-extra,74,com.github.javaparser:javaparser-core,3.25.7,3.25.8,other
kiota-community/kiota-java-extra,67,com.github.javaparser:javaparser-core,3.25.6,3.25.7,other
kiota-community/kiota-java-extra,61,org.apache.maven:maven-plugin-api,3.9.5,3.9.6,other
kiota-community/kiota-java-extra,54,org.apache.maven:maven-plugin-api,3.9.4,3.9.5,other
kiota-community/kiota-java-extra,45,org.apache.maven.plugins:maven-failsafe-plugin,3.1.2,3.2.2,other
kiota-community/kiota-java-extra,38,org.codehaus.mojo:versions-maven-plugin,2.15.0,2.16.1,other
kiota-community/kiota-java-extra,36,org.apache.maven:maven-plugin-api,3.9.1,3.9.4,other
